{
    "overall": {
        "mse": 33049096.374982204,
        "rmse": 5748.834349238305,
        "mae": 2622.3190504701624,
        "r2": 0.7750735369577524,
        "mape": 0.46526263098759396
    },
    "slices": {
        "type": {
            "casa": {
                "mse": 65647424.10650199,
                "rmse": 8102.309800698933,
                "mae": 3943.2080962880414,
                "r2": 0.6729758460625151,
                "mape": 0.48493231993773167
            },
            "departamento": {
                "mse": 10757124.701157264,
                "rmse": 3279.805588927073,
                "mae": 1719.045071628395,
                "r2": 0.8149636732382685,
                "mape": 0.45181175238668186
            }
        },
        "sector": {
            "vitacura": {
                "mse": 39927808.81861662,
                "rmse": 6318.845528940918,
                "mae": 3577.450125915544,
                "r2": 0.7794651566335543,
                "mape": 1.1123925799240821
            },
            "las condes": {
                "mse": 25753302.571857847,
                "rmse": 5074.771184187308,
                "mae": 2462.6730107735566,
                "r2": 0.7624288918568127,
                "mape": 0.4194728152633552
            },
            "la reina": {
                "mse": 10563630.360063924,
                "rmse": 3250.173896895968,
                "mae": 1973.914811802423,
                "r2": 0.7801129341148899,
                "mape": 0.15777000453840598
            },
            "providencia": {
                "mse": 5701994.241056608,
                "rmse": 2387.8848885690886,
                "mae": 1402.7605174520345,
                "r2": 0.7918637578971683,
                "mape": 0.14638432487466665
            },
            "nunoa": {
                "mse": 2423104.7058611326,
                "rmse": 1556.6324890163164,
                "mae": 1027.201231159677,
                "r2": 0.8478223148006078,
                "mape": 0.18501080091530983
            },
            "lo barnechea": {
                "mse": 84531682.01505938,
                "rmse": 9194.111268364082,
                "mae": 3958.836643674494,
                "r2": 0.5970153511670389,
                "mape": 0.3900498433703154
            }
        }
    }
}