{
    "mse": 33049096.374982204,
    "rmse": 5748.834349238305,
    "mae": 2622.3190504701624,
    "r2": 0.7750735369577524,
    "mape": 0.46526263098759396
}