{
    "mse": 16491969.364030438,
    "rmse": 4061.030579056311,
    "mae": 2014.1063428592454,
    "r2": 0.8877584943453853,
    "mape": 0.4552570267003275
}