{
    "overall": {
        "mse": 16491969.364030438,
        "rmse": 4061.030579056311,
        "mae": 2014.1063428592454,
        "r2": 0.8877584943453853,
        "mape": 0.4552570267003275
    },
    "slices": {
        "type": {
            "casa": {
                "mse": 30128627.74323964,
                "rmse": 5488.955068429659,
                "mae": 2944.6679796727926,
                "r2": 0.8499135475438324,
                "mape": 0.4680175108990219
            },
            "departamento": {
                "mse": 7166705.662818281,
                "rmse": 2677.070350741325,
                "mae": 1377.7530360441222,
                "r2": 0.8767234807004021,
                "mape": 0.4465309241025388
            }
        },
        "sector": {
            "vitacura": {
                "mse": 22379294.40692587,
                "rmse": 4730.675893244629,
                "mae": 2681.076247929607,
                "r2": 0.8763915593489369,
                "mape": 1.1158450438738834
            },
            "las condes": {
                "mse": 14950390.497851359,
                "rmse": 3866.573482794729,
                "mae": 1917.2010437719368,
                "r2": 0.8620844519712526,
                "mape": 0.4319418189518357
            },
            "la reina": {
                "mse": 7029820.1130572315,
                "rmse": 2651.380793672842,
                "mae": 1623.188985327903,
                "r2": 0.8536709004695868,
                "mape": 0.13051240149604842
            },
            "providencia": {
                "mse": 4086887.9045710205,
                "rmse": 2021.605279121278,
                "mae": 1158.6395954865275,
                "r2": 0.8508189495829265,
                "mape": 0.11757594343137087
            },
            "nunoa": {
                "mse": 2088111.5106641224,
                "rmse": 1445.0299341758018,
                "mae": 805.8790169826951,
                "r2": 0.8688608150681859,
                "mape": 0.125422846292048
            },
            "lo barnechea": {
                "mse": 33671594.63983079,
                "rmse": 5802.723036629509,
                "mae": 2957.545776633028,
                "r2": 0.8394786970030872,
                "mape": 0.37150431151953295
            }
        }
    }
}