{
    "mse": 32698274.354774628,
    "rmse": 5718.240494660454,
    "mae": 2622.6703417036465,
    "r2": 0.7774611712599828,
    "mape": 0.46635006175979005
}