{
    "overall": {
        "mse": 32698274.354774628,
        "rmse": 5718.240494660454,
        "mae": 2622.6703417036465,
        "r2": 0.7774611712599828,
        "mape": 0.46635006175979005
    },
    "slices": {
        "type": {
            "casa": {
                "mse": 64657157.05765963,
                "rmse": 8040.967420507288,
                "mae": 3932.5874911949572,
                "r2": 0.677908884155441,
                "mape": 0.48637827259045874
            },
            "departamento": {
                "mse": 10843579.42050194,
                "rmse": 3292.9590675412196,
                "mae": 1726.8993613019957,
                "r2": 0.813476541300769,
                "mape": 0.45265401231235275
            }
        },
        "sector": {
            "vitacura": {
                "mse": 39472447.183087535,
                "rmse": 6282.710178186444,
                "mae": 3582.171600395797,
                "r2": 0.7819802735392352,
                "mape": 1.1174407857056068
            },
            "las condes": {
                "mse": 25572463.30294322,
                "rmse": 5056.922315296451,
                "mae": 2465.0458356882214,
                "r2": 0.7640971122876479,
                "mape": 0.4196220817592552
            },
            "la reina": {
                "mse": 10665310.968951112,
                "rmse": 3265.7787691377857,
                "mae": 1984.746286502004,
                "r2": 0.7779964031512412,
                "mape": 0.1581947209260297
            },
            "providencia": {
                "mse": 5679390.2224925095,
                "rmse": 2383.1471256497175,
                "mae": 1399.7192039528031,
                "r2": 0.7926888579027905,
                "mape": 0.14613618979965984
            },
            "nunoa": {
                "mse": 2391569.9044861905,
                "rmse": 1546.470143418938,
                "mae": 1021.931951328516,
                "r2": 0.8498027876480475,
                "mape": 0.18377284747538924
            },
            "lo barnechea": {
                "mse": 83387066.83382691,
                "rmse": 9131.651922507062,
                "mae": 3952.6014954537904,
                "r2": 0.602472031264516,
                "mape": 0.39151912947232886
            }
        }
    }
}