{
    "mse": 33037083.383043345,
    "rmse": 5747.789434473339,
    "mae": 2626.0062799199745,
    "r2": 0.7751552953137664,
    "mape": 0.4654807550562535
}