{
    "overall": {
        "mse": 33037083.383043345,
        "rmse": 5747.789434473339,
        "mae": 2626.0062799199745,
        "r2": 0.7751552953137664,
        "mape": 0.4654807550562535
    },
    "slices": {
        "type": {
            "casa": {
                "mse": 65704215.56830355,
                "rmse": 8105.813689464097,
                "mae": 3945.638907934302,
                "r2": 0.6726929380886029,
                "mape": 0.4849973206038658
            },
            "departamento": {
                "mse": 10698060.61670696,
                "rmse": 3270.7889899391184,
                "mae": 1723.591487178731,
                "r2": 0.8159796511630251,
                "mape": 0.4521345880399299
            }
        },
        "sector": {
            "vitacura": {
                "mse": 40342879.08733704,
                "rmse": 6351.60444984864,
                "mae": 3604.6409124359307,
                "r2": 0.7771725826254448,
                "mape": 1.1117513083463606
            },
            "las condes": {
                "mse": 25662419.07470465,
                "rmse": 5065.808827295465,
                "mae": 2464.3378471889105,
                "r2": 0.7632672811496177,
                "mape": 0.41930158766462233
            },
            "la reina": {
                "mse": 10612830.581002826,
                "rmse": 3257.7339641233484,
                "mae": 1969.8174428663888,
                "r2": 0.77908880776302,
                "mape": 0.15724512683866956
            },
            "providencia": {
                "mse": 5685674.385993057,
                "rmse": 2384.465220126529,
                "mae": 1401.1167851372995,
                "r2": 0.7924594711092463,
                "mape": 0.14663128394245828
            },
            "nunoa": {
                "mse": 2392622.0696637826,
                "rmse": 1546.8102888408075,
                "mae": 1019.070019133323,
                "r2": 0.8497367087614084,
                "mape": 0.18344755884075403
            },
            "lo barnechea": {
                "mse": 84237983.70162301,
                "rmse": 9178.125282519464,
                "mae": 3956.4582964126607,
                "r2": 0.5984154878836123,
                "mape": 0.3932578544967888
            }
        }
    }
}