{
    "mse": 32606765.530687306,
    "rmse": 5710.233404221522,
    "mae": 2624.519898632814,
    "r2": 0.7780839645704437,
    "mape": 0.46663362991678453
}