{
    "overall": {
        "mse": 32606765.530687306,
        "rmse": 5710.233404221522,
        "mae": 2624.519898632814,
        "r2": 0.7780839645704437,
        "mape": 0.46663362991678453
    },
    "slices": {
        "type": {
            "casa": {
                "mse": 64422309.27406342,
                "rmse": 8026.350931404845,
                "mae": 3938.9667946404643,
                "r2": 0.679078783794002,
                "mape": 0.4870998987462975
            },
            "departamento": {
                "mse": 10850091.20812958,
                "rmse": 3293.9476632347364,
                "mae": 1725.6513059283643,
                "r2": 0.8133645302107478,
                "mape": 0.45263801981144614
            }
        },
        "sector": {
            "vitacura": {
                "mse": 39958436.35346753,
                "rmse": 6321.26857153432,
                "mae": 3591.0594378792234,
                "r2": 0.779295990360701,
                "mape": 1.1183695825211686
            },
            "las condes": {
                "mse": 25663124.113890715,
                "rmse": 5065.878414834955,
                "mae": 2466.2660417193524,
                "r2": 0.7632607772482152,
                "mape": 0.4195823185369323
            },
            "la reina": {
                "mse": 10537640.130875662,
                "rmse": 3246.173151708895,
                "mae": 1968.897162592646,
                "r2": 0.7806539332830824,
                "mape": 0.1572011903121137
            },
            "providencia": {
                "mse": 5719666.259888179,
                "rmse": 2391.5823757270373,
                "mae": 1401.4838155936975,
                "r2": 0.7912186875174949,
                "mape": 0.14633073844484204
            },
            "nunoa": {
                "mse": 2425293.262242009,
                "rmse": 1557.3353082242786,
                "mae": 1027.2470175147112,
                "r2": 0.847684867399691,
                "mape": 0.1844216829547723
            },
            "lo barnechea": {
                "mse": 82216255.08936203,
                "rmse": 9067.317965603832,
                "mae": 3953.02458496626,
                "r2": 0.608053597234168,
                "mape": 0.3920837352254873
            }
        }
    }
}